﻿<?xml version="1.0" encoding="UTF-8"?>
<Info xmlns:xs="http://www.w3.org/2001/XMLSchema" xmlns:xsi="http://www.w3.org/2001/XMLSchema-instance">
	<ExtensionManifest xmlns="http://www.1c.ru/1cFresh/ApplicationExtensions/Manifest/1.0.0.2">
		<Name>Договор-Счет на оплату</Name>
		<ObjectName>ДоговорСчетНаОплатуВнешний</ObjectName>
		<Version>1.2</Version>
		<Category>PrintedForm</Category>
		<Description>Обработка формирования печатной формы документа "Договор-Счет на оплату покупателю" (внешняя печатная форма).</Description>
		<Assignment xsi:type="ExtensionCatalogsAndDocumentsAssignment">
			<Objects>
				<ObjectName xsi:type="xs:string">Документ.СогласиеНаОбработкуПерсональныхДанных</ObjectName>
				<Representation>Согласие на обработку персональных данных</Representation>
				<Enabled>true</Enabled>
				<ObjectType>Document</ObjectType>
			</Objects>
			<Objects>
				<ObjectName xsi:type="xs:string">Документ.АктОбУничтоженииПерсональныхДанных</ObjectName>
				<Representation>Акт об уничтожении персональных данных</Representation>
				<Enabled>true</Enabled>
				<ObjectType>Document</ObjectType>
			</Objects>
			<Objects>
				<ObjectName xsi:type="xs:string">Справочник.МашиночитаемыеДоверенности</ObjectName>
				<Representation>Машиночитаемые доверенности (единый формат)</Representation>
				<Enabled>true</Enabled>
				<ObjectType>Catalog</ObjectType>
			</Objects>
			<Objects>
				<ObjectName xsi:type="xs:string">Справочник.Контрагенты</ObjectName>
				<Representation>Контрагенты</Representation>
				<Enabled>true</Enabled>
				<ObjectType>Catalog</ObjectType>
			</Objects>
			<Objects>
				<ObjectName xsi:type="xs:string">Справочник.БанковскиеСчета</ObjectName>
				<Representation>Банковские счета</Representation>
				<Enabled>true</Enabled>
				<ObjectType>Catalog</ObjectType>
			</Objects>
			<Objects>
				<ObjectName xsi:type="xs:string">Справочник.ВетеринарноСопроводительныйДокументВЕТИС</ObjectName>
				<Representation>Ветеринарно-сопроводительный документ ВетИС</Representation>
				<Enabled>true</Enabled>
				<ObjectType>Catalog</ObjectType>
			</Objects>
			<Objects>
				<ObjectName xsi:type="xs:string">Справочник.ДоверенностиНалогоплательщика</ObjectName>
				<Representation>Доверенности налогоплательщика</Representation>
				<Enabled>true</Enabled>
				<ObjectType>Catalog</ObjectType>
			</Objects>
			<Objects>
				<ObjectName xsi:type="xs:string">Справочник.ДоговорыКонтрагентов</ObjectName>
				<Representation>Договоры</Representation>
				<Enabled>true</Enabled>
				<ObjectType>Catalog</ObjectType>
			</Objects>
			<Objects>
				<ObjectName xsi:type="xs:string">Справочник.КонтактныеЛица</ObjectName>
				<Representation>Контактные лица</Representation>
				<Enabled>true</Enabled>
				<ObjectType>Catalog</ObjectType>
			</Objects>
			<Objects>
				<ObjectName xsi:type="xs:string">Справочник.НематериальныеАктивы</ObjectName>
				<Representation>Нематериальные активы</Representation>
				<Enabled>true</Enabled>
				<ObjectType>Catalog</ObjectType>
			</Objects>
			<Objects>
				<ObjectName xsi:type="xs:string">Справочник.Номенклатура</ObjectName>
				<Representation>Номенклатура</Representation>
				<Enabled>true</Enabled>
				<ObjectType>Catalog</ObjectType>
			</Objects>
			<Objects>
				<ObjectName xsi:type="xs:string">Справочник.НоменклатурныеГруппы</ObjectName>
				<Representation>Номенклатурные группы</Representation>
				<Enabled>true</Enabled>
				<ObjectType>Catalog</ObjectType>
			</Objects>
			<Objects>
				<ObjectName xsi:type="xs:string">Справочник.ОбъектыСтроительства</ObjectName>
				<Representation>Объекты строительства</Representation>
				<Enabled>true</Enabled>
				<ObjectType>Catalog</ObjectType>
			</Objects>
			<Objects>
				<ObjectName xsi:type="xs:string">Справочник.Организации</ObjectName>
				<Representation>Организации</Representation>
				<Enabled>true</Enabled>
				<ObjectType>Catalog</ObjectType>
			</Objects>
			<Objects>
				<ObjectName xsi:type="xs:string">Справочник.ОсновныеСредства</ObjectName>
				<Representation>Основные средства</Representation>
				<Enabled>true</Enabled>
				<ObjectType>Catalog</ObjectType>
			</Objects>
			<Objects>
				<ObjectName xsi:type="xs:string">Справочник.ПодразделенияОрганизаций</ObjectName>
				<Representation>Подразделения</Representation>
				<Enabled>true</Enabled>
				<ObjectType>Catalog</ObjectType>
			</Objects>
			<Objects>
				<ObjectName xsi:type="xs:string">Справочник.ПрочиеДоходыИРасходы</ObjectName>
				<Representation>Прочие доходы и расходы</Representation>
				<Enabled>true</Enabled>
				<ObjectType>Catalog</ObjectType>
			</Objects>
			<Objects>
				<ObjectName xsi:type="xs:string">Справочник.Склады</ObjectName>
				<Representation>Склады (места хранения)</Representation>
				<Enabled>true</Enabled>
				<ObjectType>Catalog</ObjectType>
			</Objects>
			<Objects>
				<ObjectName xsi:type="xs:string">Справочник.СпецификацииНоменклатуры</ObjectName>
				<Representation>Спецификации номенклатуры</Representation>
				<Enabled>true</Enabled>
				<ObjectType>Catalog</ObjectType>
			</Objects>
			<Objects>
				<ObjectName xsi:type="xs:string">Справочник.СтатьиЗатрат</ObjectName>
				<Representation>Статьи затрат</Representation>
				<Enabled>true</Enabled>
				<ObjectType>Catalog</ObjectType>
			</Objects>
			<Objects>
				<ObjectName xsi:type="xs:string">Справочник.Субконто</ObjectName>
				<Representation>Субконто</Representation>
				<Enabled>true</Enabled>
				<ObjectType>Catalog</ObjectType>
			</Objects>
			<Objects>
				<ObjectName xsi:type="xs:string">Справочник.ТиповыеОперации</ObjectName>
				<Representation>Типовые операции</Representation>
				<Enabled>true</Enabled>
				<ObjectType>Catalog</ObjectType>
			</Objects>
			<Objects>
				<ObjectName xsi:type="xs:string">Документ.АвансовыйОтчет</ObjectName>
				<Representation>Авансовый отчет</Representation>
				<Enabled>true</Enabled>
				<ObjectType>Document</ObjectType>
			</Objects>
			<Objects>
				<ObjectName xsi:type="xs:string">Документ.АктОбОказанииПроизводственныхУслуг</ObjectName>
				<Representation>Оказание производственных услуг</Representation>
				<Enabled>true</Enabled>
				<ObjectType>Document</ObjectType>
			</Objects>
			<Objects>
				<ObjectName xsi:type="xs:string">Документ.АктПроверкиСтраховыхВзносов</ObjectName>
				<Representation>Акт проверки страховых взносов</Representation>
				<Enabled>true</Enabled>
				<ObjectType>Document</ObjectType>
			</Objects>
			<Objects>
				<ObjectName xsi:type="xs:string">Документ.АктСверкиВзаиморасчетов</ObjectName>
				<Representation>Акт сверки расчетов с контрагентом</Representation>
				<Enabled>true</Enabled>
				<ObjectType>Document</ObjectType>
			</Objects>
			<Objects>
				<ObjectName xsi:type="xs:string">Документ.АктОРасхождениях</ObjectName>
				<Representation>Акт о расхождениях</Representation>
				<Enabled>true</Enabled>
				<ObjectType>Document</ObjectType>
			</Objects>
			<Objects>
				<ObjectName xsi:type="xs:string">Документ.АктОРасхожденияхПолученный</ObjectName>
				<Representation>Акт о расхождениях (полученный)</Representation>
				<Enabled>true</Enabled>
				<ObjectType>Document</ObjectType>
			</Objects>
			<Objects>
				<ObjectName xsi:type="xs:string">Документ.ВводНачальныхОстатков</ObjectName>
				<Representation>Ввод остатков</Representation>
				<Enabled>true</Enabled>
				<ObjectType>Document</ObjectType>
			</Objects>
			<Objects>
				<ObjectName xsi:type="xs:string">Документ.ВозвратМатериаловИзЭксплуатации</ObjectName>
				<Representation>Возврат материалов из эксплуатации</Representation>
				<Enabled>true</Enabled>
				<ObjectType>Document</ObjectType>
			</Objects>
			<Objects>
				<ObjectName xsi:type="xs:string">Документ.ВозвратТоваровОтПокупателя</ObjectName>
				<Representation>Возврат товаров от покупателя</Representation>
				<Enabled>true</Enabled>
				<ObjectType>Document</ObjectType>
			</Objects>
			<Objects>
				<ObjectName xsi:type="xs:string">Документ.ВозвратТоваровПоставщику</ObjectName>
				<Representation>Возврат товаров поставщику</Representation>
				<Enabled>true</Enabled>
				<ObjectType>Document</ObjectType>
			</Objects>
			<Objects>
				<ObjectName xsi:type="xs:string">Документ.ВозвратОСОтАрендатора</ObjectName>
				<Representation>Возврат ОС от арендатора</Representation>
				<Enabled>true</Enabled>
				<ObjectType>Document</ObjectType>
			</Objects>
			<Objects>
				<ObjectName xsi:type="xs:string">Документ.ВосстановлениеНДС</ObjectName>
				<Representation>Восстановление НДС</Representation>
				<Enabled>true</Enabled>
				<ObjectType>Document</ObjectType>
			</Objects>
			<Objects>
				<ObjectName xsi:type="xs:string">Документ.ВосстановлениеНДСПоОбъектамНедвижимости</ObjectName>
				<Representation>Восстановление НДС по недвижимости</Representation>
				<Enabled>true</Enabled>
				<ObjectType>Document</ObjectType>
			</Objects>
			<Objects>
				<ObjectName xsi:type="xs:string">Документ.ВыдачаДенежныхДокументов</ObjectName>
				<Representation>Выдача денежных документов</Representation>
				<Enabled>true</Enabled>
				<ObjectType>Document</ObjectType>
			</Objects>
			<Objects>
				<ObjectName xsi:type="xs:string">Документ.ВыкупПредметовЛизинга</ObjectName>
				<Representation>Выкуп предметов лизинга</Representation>
				<Enabled>true</Enabled>
				<ObjectType>Document</ObjectType>
			</Objects>
			<Objects>
				<ObjectName xsi:type="xs:string">Документ.ВыплатыСамозанятым</ObjectName>
				<Representation>Выплаты самозанятым</Representation>
				<Enabled>true</Enabled>
				<ObjectType>Document</ObjectType>
			</Objects>
			<Objects>
				<ObjectName xsi:type="xs:string">Документ.ВыработкаМатериалов</ObjectName>
				<Representation>Выработка материалов</Representation>
				<Enabled>true</Enabled>
				<ObjectType>Document</ObjectType>
			</Objects>
			<Objects>
				<ObjectName xsi:type="xs:string">Документ.ВыработкаНМА</ObjectName>
				<Representation>Выработка НМА</Representation>
				<Enabled>true</Enabled>
				<ObjectType>Document</ObjectType>
			</Objects>
			<Objects>
				<ObjectName xsi:type="xs:string">Документ.ВыработкаОС</ObjectName>
				<Representation>Выработка ОС</Representation>
				<Enabled>true</Enabled>
				<ObjectType>Document</ObjectType>
			</Objects>
			<Objects>
				<ObjectName xsi:type="xs:string">Документ.ВходящаяТранспортнаяОперацияВЕТИС</ObjectName>
				<Representation>Входящая транспортная операция ВетИС</Representation>
				<Enabled>true</Enabled>
				<ObjectType>Document</ObjectType>
			</Objects>
			<Objects>
				<ObjectName xsi:type="xs:string">Документ.ИсходящаяТранспортнаяОперацияВЕТИС</ObjectName>
				<Representation>Исходящая транспортная операция ВетИС</Representation>
				<Enabled>true</Enabled>
				<ObjectType>Document</ObjectType>
			</Objects>
			<Objects>
				<ObjectName xsi:type="xs:string">Документ.ГТДИмпорт</ObjectName>
				<Representation>ГТД по импорту</Representation>
				<Enabled>true</Enabled>
				<ObjectType>Document</ObjectType>
			</Objects>
			<Objects>
				<ObjectName xsi:type="xs:string">Документ.Доверенность</ObjectName>
				<Representation>Доверенность</Representation>
				<Enabled>true</Enabled>
				<ObjectType>Document</ObjectType>
			</Objects>
			<Objects>
				<ObjectName xsi:type="xs:string">Документ.ДокументРасчетовСКонтрагентом</ObjectName>
				<Representation>Документ расчетов с контрагентом</Representation>
				<Enabled>true</Enabled>
				<ObjectType>Document</ObjectType>
			</Objects>
			<Objects>
				<ObjectName xsi:type="xs:string">Документ.ДопЛистКнигиПокупокДляПередачиВЭлектронномВиде</ObjectName>
				<Representation>Доп. лист книги покупок для передачи в электронном виде</Representation>
				<Enabled>true</Enabled>
				<ObjectType>Document</ObjectType>
			</Objects>
			<Objects>
				<ObjectName xsi:type="xs:string">Документ.ДопЛистКнигиПродажДляПередачиВЭлектронномВиде</ObjectName>
				<Representation>Доп. лист книги продаж для передачи в электронном виде</Representation>
				<Enabled>true</Enabled>
				<ObjectType>Document</ObjectType>
			</Objects>
			<Objects>
				<ObjectName xsi:type="xs:string">Документ.ЖурналУчетаСчетовФактурДляПередачиВЭлектронномВиде</ObjectName>
				<Representation>Журнал учета счетов-фактур для передачи в электронном виде</Representation>
				<Enabled>true</Enabled>
				<ObjectType>Document</ObjectType>
			</Objects>
			<Objects>
				<ObjectName xsi:type="xs:string">Документ.ЗаписьКнигиУчетаДоходовИРасходовИП</ObjectName>
				<Representation>Запись книги доходов и расходов ИП</Representation>
				<Enabled>true</Enabled>
				<ObjectType>Document</ObjectType>
			</Objects>
			<Objects>
				<ObjectName xsi:type="xs:string">Документ.ЗаписьКУДиР</ObjectName>
				<Representation>Запись книги доходов и расходов УСН, по патенту</Representation>
				<Enabled>true</Enabled>
				<ObjectType>Document</ObjectType>
			</Objects>
			<Objects>
				<ObjectName xsi:type="xs:string">Документ.ЗаявлениеОВвозеТоваров</ObjectName>
				<Representation>Заявление о ввозе товаров</Representation>
				<Enabled>true</Enabled>
				<ObjectType>Document</ObjectType>
			</Objects>
			<Objects>
				<ObjectName xsi:type="xs:string">Документ.ЗаявлениеОЗачетеВСчетПредстоящейОбязанности</ObjectName>
				<Representation>Заявление о зачете в счет предстоящей обязанности</Representation>
				<Enabled>true</Enabled>
				<ObjectType>Document</ObjectType>
			</Objects>
			<Objects>
				<ObjectName xsi:type="xs:string">Документ.ЗапросСкладскогоЖурналаВЕТИС</ObjectName>
				<Representation>Запрос складского журнала ВетИС</Representation>
				<Enabled>true</Enabled>
				<ObjectType>Document</ObjectType>
			</Objects>
			<Objects>
				<ObjectName xsi:type="xs:string">Документ.ИзменениеГрафиковАмортизацииОС</ObjectName>
				<Representation>Изменение графиков амортизации ОС</Representation>
				<Enabled>true</Enabled>
				<ObjectType>Document</ObjectType>
			</Objects>
			<Objects>
				<ObjectName xsi:type="xs:string">Документ.ИзменениеПараметровНачисленияАмортизацииОС</ObjectName>
				<Representation>Изменение элементов амортизации ОС</Representation>
				<Enabled>true</Enabled>
				<ObjectType>Document</ObjectType>
			</Objects>
			<Objects>
				<ObjectName xsi:type="xs:string">Документ.ИзменениеСостоянияОС</ObjectName>
				<Representation>Изменение состояния ОС</Representation>
				<Enabled>true</Enabled>
				<ObjectType>Document</ObjectType>
			</Objects>
			<Objects>
				<ObjectName xsi:type="xs:string">Документ.ИзменениеСпециальногоКоэффициентаНМА</ObjectName>
				<Representation>Изменение коэффициента амортизации НМА</Representation>
				<Enabled>true</Enabled>
				<ObjectType>Document</ObjectType>
			</Objects>
			<Objects>
				<ObjectName xsi:type="xs:string">Документ.ИзменениеСпециальногоКоэффициентаОС</ObjectName>
				<Representation>Изменение коэффициента амортизации ОС</Representation>
				<Enabled>true</Enabled>
				<ObjectType>Document</ObjectType>
			</Objects>
			<Objects>
				<ObjectName xsi:type="xs:string">Документ.ИзменениеСпособовОтраженияРасходовПоАмортизацииНМА</ObjectName>
				<Representation>Изменение отражения амортизации НМА</Representation>
				<Enabled>true</Enabled>
				<ObjectType>Document</ObjectType>
			</Objects>
			<Objects>
				<ObjectName xsi:type="xs:string">Документ.ИзменениеСпособовОтраженияРасходовПоАмортизацииОС</ObjectName>
				<Representation>Изменение отражения амортизации ОС</Representation>
				<Enabled>true</Enabled>
				<ObjectType>Document</ObjectType>
			</Objects>
			<Objects>
				<ObjectName xsi:type="xs:string">Документ.ИзменениеОтраженияРасходовПоАренднымПлатежамОС</ObjectName>
				<Representation>Изменение отражения расходов по арендным платежам ОС</Representation>
				<Enabled>true</Enabled>
				<ObjectType>Document</ObjectType>
			</Objects>
			<Objects>
				<ObjectName xsi:type="xs:string">Документ.ИзменениеУсловийАренды</ObjectName>
				<Representation>Изменение условий аренды (лизинга)</Representation>
				<Enabled>true</Enabled>
				<ObjectType>Document</ObjectType>
			</Objects>
			<Objects>
				<ObjectName xsi:type="xs:string">Документ.ИнвентаризацияКассы</ObjectName>
				<Representation>Инвентаризация кассы</Representation>
				<Enabled>true</Enabled>
				<ObjectType>Document</ObjectType>
			</Objects>
			<Objects>
				<ObjectName xsi:type="xs:string">Документ.ИнвентаризацияНЗП</ObjectName>
				<Representation>Инвентаризация незавершенного производства</Representation>
				<Enabled>true</Enabled>
				<ObjectType>Document</ObjectType>
			</Objects>
			<Objects>
				<ObjectName xsi:type="xs:string">Документ.ИнвентаризацияОС</ObjectName>
				<Representation>Инвентаризация ОС</Representation>
				<Enabled>true</Enabled>
				<ObjectType>Document</ObjectType>
			</Objects>
			<Objects>
				<ObjectName xsi:type="xs:string">Документ.ИнвентаризацияПродукцииВЕТИС</ObjectName>
				<Representation>Инвентаризация продукции ВетИС</Representation>
				<Enabled>true</Enabled>
				<ObjectType>Document</ObjectType>
			</Objects>
			<Objects>
				<ObjectName xsi:type="xs:string">Документ.ИнвентаризацияРасчетовСКонтрагентами</ObjectName>
				<Representation>Акт инвентаризации расчетов</Representation>
				<Enabled>true</Enabled>
				<ObjectType>Document</ObjectType>
			</Objects>
			<Objects>
				<ObjectName xsi:type="xs:string">Документ.ИнвентаризацияТоваровНаСкладе</ObjectName>
				<Representation>Инвентаризация товаров</Representation>
				<Enabled>true</Enabled>
				<ObjectType>Document</ObjectType>
			</Objects>
			<Objects>
				<ObjectName xsi:type="xs:string">Документ.КнигаПокупокДляПередачиВЭлектронномВиде</ObjectName>
				<Representation>Книга покупок для передачи в электронном виде</Representation>
				<Enabled>true</Enabled>
				<ObjectType>Document</ObjectType>
			</Objects>
			<Objects>
				<ObjectName xsi:type="xs:string">Документ.КнигаПродажДляПередачиВЭлектронномВиде</ObjectName>
				<Representation>Книга продаж для передачи в электронном виде</Representation>
				<Enabled>true</Enabled>
				<ObjectType>Document</ObjectType>
			</Objects>
			<Objects>
				<ObjectName xsi:type="xs:string">Документ.КоммерческоеПредложение</ObjectName>
				<Representation>Коммерческое предложение</Representation>
				<Enabled>true</Enabled>
				<ObjectType>Document</ObjectType>
			</Objects>
			<Objects>
				<ObjectName xsi:type="xs:string">Документ.КомплектацияНоменклатуры</ObjectName>
				<Representation>Комплектация номенклатуры</Representation>
				<Enabled>true</Enabled>
				<ObjectType>Document</ObjectType>
			</Objects>
			<Objects>
				<ObjectName xsi:type="xs:string">Документ.КорректировкаДолга</ObjectName>
				<Representation>Корректировка долга</Representation>
				<Enabled>true</Enabled>
				<ObjectType>Document</ObjectType>
			</Objects>
			<Objects>
				<ObjectName xsi:type="xs:string">Документ.КорректировкаПоступления</ObjectName>
				<Representation>Корректировка поступления</Representation>
				<Enabled>true</Enabled>
				<ObjectType>Document</ObjectType>
			</Objects>
			<Objects>
				<ObjectName xsi:type="xs:string">Документ.КорректировкаРеализации</ObjectName>
				<Representation>Корректировка реализации</Representation>
				<Enabled>true</Enabled>
				<ObjectType>Document</ObjectType>
			</Objects>
			<Objects>
				<ObjectName xsi:type="xs:string">Документ.МодернизацияОС</ObjectName>
				<Representation>Модернизация ОС</Representation>
				<Enabled>true</Enabled>
				<ObjectType>Document</ObjectType>
			</Objects>
			<Objects>
				<ObjectName xsi:type="xs:string">Документ.НачислениеНДСпоСМРхозспособом</ObjectName>
				<Representation>Начисление НДС по СМР хозспособом</Representation>
				<Enabled>true</Enabled>
				<ObjectType>Document</ObjectType>
			</Objects>
			<Objects>
				<ObjectName xsi:type="xs:string">Документ.НачислениеПеней</ObjectName>
				<Representation>Начисление пеней</Representation>
				<Enabled>true</Enabled>
				<ObjectType>Document</ObjectType>
			</Objects>
			<Objects>
				<ObjectName xsi:type="xs:string">Документ.ОказаниеУслуг</ObjectName>
				<Representation>Оказание услуг</Representation>
				<Enabled>true</Enabled>
				<ObjectType>Document</ObjectType>
			</Objects>
			<Objects>
				<ObjectName xsi:type="xs:string">Документ.ОперацияБух</ObjectName>
				<Representation>Операция</Representation>
				<Enabled>true</Enabled>
				<ObjectType>Document</ObjectType>
			</Objects>
			<Objects>
				<ObjectName xsi:type="xs:string">Документ.ОперацияПоЕдиномуНалоговомуСчету</ObjectName>
				<Representation>Операция по единому налоговому счету</Representation>
				<Enabled>true</Enabled>
				<ObjectType>Document</ObjectType>
			</Objects>
			<Objects>
				<ObjectName xsi:type="xs:string">Документ.ОплатаПлатежнойКартой</ObjectName>
				<Representation>Операция по платежной карте</Representation>
				<Enabled>true</Enabled>
				<ObjectType>Document</ObjectType>
			</Objects>
			<Objects>
				<ObjectName xsi:type="xs:string">Документ.ОприходованиеТоваров</ObjectName>
				<Representation>Оприходование товаров</Representation>
				<Enabled>true</Enabled>
				<ObjectType>Document</ObjectType>
			</Objects>
			<Objects>
				<ObjectName xsi:type="xs:string">Документ.ОтражениеЗарплатыВУчете</ObjectName>
				<Representation>Зарплата (ЗУП 2.5, ЗиК 7.7)</Representation>
				<Enabled>true</Enabled>
				<ObjectType>Document</ObjectType>
			</Objects>
			<Objects>
				<ObjectName xsi:type="xs:string">Документ.ОтражениеНачисленияНДС</ObjectName>
				<Representation>Отражение начисления НДС</Representation>
				<Enabled>true</Enabled>
				<ObjectType>Document</ObjectType>
			</Objects>
			<Objects>
				<ObjectName xsi:type="xs:string">Документ.ОтражениеНДСКВычету</ObjectName>
				<Representation>Отражение НДС к вычету</Representation>
				<Enabled>true</Enabled>
				<ObjectType>Document</ObjectType>
			</Objects>
			<Objects>
				<ObjectName xsi:type="xs:string">Документ.ОтчетКомиссионераОПродажах</ObjectName>
				<Representation>Отчет комиссионера (агента)</Representation>
				<Enabled>true</Enabled>
				<ObjectType>Document</ObjectType>
			</Objects>
			<Objects>
				<ObjectName xsi:type="xs:string">Документ.ОтчетКомитентуОПродажах</ObjectName>
				<Representation>Отчет комитенту</Representation>
				<Enabled>true</Enabled>
				<ObjectType>Document</ObjectType>
			</Objects>
			<Objects>
				<ObjectName xsi:type="xs:string">Документ.ОтчетОРозничныхПродажах</ObjectName>
				<Representation>Отчет о розничных продажах</Representation>
				<Enabled>true</Enabled>
				<ObjectType>Document</ObjectType>
			</Objects>
			<Objects>
				<ObjectName xsi:type="xs:string">Документ.ОтчетОператораСистемыПлатон</ObjectName>
				<Representation>Отчет оператора системы "Платон"</Representation>
				<Enabled>true</Enabled>
				<ObjectType>Document</ObjectType>
			</Objects>
			<Objects>
				<ObjectName xsi:type="xs:string">Документ.ОтчетПроизводстваЗаСмену</ObjectName>
				<Representation>Выпуск продукции (Отчет производства)</Representation>
				<Enabled>true</Enabled>
				<ObjectType>Document</ObjectType>
			</Objects>
			<Objects>
				<ObjectName xsi:type="xs:string">Документ.ПередачаМатериаловВЭксплуатацию</ObjectName>
				<Representation>Передача материалов в эксплуатацию</Representation>
				<Enabled>true</Enabled>
				<ObjectType>Document</ObjectType>
			</Objects>
			<Objects>
				<ObjectName xsi:type="xs:string">Документ.ПереводОСВМалоценноеОборудование</ObjectName>
				<Representation>Перевод ОС в малоценное оборудование</Representation>
				<Enabled>true</Enabled>
				<ObjectType>Document</ObjectType>
			</Objects>
			<Objects>
				<ObjectName xsi:type="xs:string">Документ.ПередачаНМА</ObjectName>
				<Representation>Передача НМА</Representation>
				<Enabled>true</Enabled>
				<ObjectType>Document</ObjectType>
			</Objects>
			<Objects>
				<ObjectName xsi:type="xs:string">Документ.ПередачаОборудованияВМонтаж</ObjectName>
				<Representation>Передача оборудования в монтаж</Representation>
				<Enabled>true</Enabled>
				<ObjectType>Document</ObjectType>
			</Objects>
			<Objects>
				<ObjectName xsi:type="xs:string">Документ.ПередачаОС</ObjectName>
				<Representation>Передача ОС</Representation>
				<Enabled>true</Enabled>
				<ObjectType>Document</ObjectType>
			</Objects>
			<Objects>
				<ObjectName xsi:type="xs:string">Документ.ПередачаОСВАренду</ObjectName>
				<Representation>Передача ОС в аренду</Representation>
				<Enabled>true</Enabled>
				<ObjectType>Document</ObjectType>
			</Objects>
			<Objects>
				<ObjectName xsi:type="xs:string">Документ.ПередачаТоваров</ObjectName>
				<Representation>Передача товаров</Representation>
				<Enabled>true</Enabled>
				<ObjectType>Document</ObjectType>
			</Objects>
			<Objects>
				<ObjectName xsi:type="xs:string">Документ.ПеремещениеОС</ObjectName>
				<Representation>Перемещение ОС</Representation>
				<Enabled>true</Enabled>
				<ObjectType>Document</ObjectType>
			</Objects>
			<Objects>
				<ObjectName xsi:type="xs:string">Документ.ПеремещениеТоваров</ObjectName>
				<Representation>Перемещение товаров, материалов</Representation>
				<Enabled>true</Enabled>
				<ObjectType>Document</ObjectType>
			</Objects>
			<Objects>
				<ObjectName xsi:type="xs:string">Документ.ПереоценкаТоваровВРознице</ObjectName>
				<Representation>Переоценка товаров в рознице</Representation>
				<Enabled>true</Enabled>
				<ObjectType>Document</ObjectType>
			</Objects>
			<Objects>
				<ObjectName xsi:type="xs:string">Документ.ПлатежноеПоручение</ObjectName>
				<Representation>Платежное поручение</Representation>
				<Enabled>true</Enabled>
				<ObjectType>Document</ObjectType>
			</Objects>
			<Objects>
				<ObjectName xsi:type="xs:string">Документ.ПлатежноеТребование</ObjectName>
				<Representation>Платежное требование</Representation>
				<Enabled>true</Enabled>
				<ObjectType>Document</ObjectType>
			</Objects>
			<Objects>
				<ObjectName xsi:type="xs:string">Документ.ПодготовкаКПередачеОС</ObjectName>
				<Representation>Подготовка к передаче ОС</Representation>
				<Enabled>true</Enabled>
				<ObjectType>Document</ObjectType>
			</Objects>
			<Objects>
				<ObjectName xsi:type="xs:string">Документ.ПодтверждениеНулевойСтавкиНДС</ObjectName>
				<Representation>Подтверждение нулевой ставки НДС</Representation>
				<Enabled>true</Enabled>
				<ObjectType>Document</ObjectType>
			</Objects>
			<Objects>
				<ObjectName xsi:type="xs:string">Документ.ПодтверждениеОплатыНДСВБюджет</ObjectName>
				<Representation>Подтверждение оплаты НДС в бюджет</Representation>
				<Enabled>true</Enabled>
				<ObjectType>Document</ObjectType>
			</Objects>
			<Objects>
				<ObjectName xsi:type="xs:string">Документ.ПоступлениеВАренду</ObjectName>
				<Representation>Поступление в аренду (лизинг)</Representation>
				<Enabled>true</Enabled>
				<ObjectType>Document</ObjectType>
			</Objects>
			<Objects>
				<ObjectName xsi:type="xs:string">Документ.ПоступлениеДенежныхДокументов</ObjectName>
				<Representation>Поступление денежных документов</Representation>
				<Enabled>true</Enabled>
				<ObjectType>Document</ObjectType>
			</Objects>
			<Objects>
				<ObjectName xsi:type="xs:string">Документ.ПоступлениеДопРасходов</ObjectName>
				<Representation>Поступление доп. расходов</Representation>
				<Enabled>true</Enabled>
				<ObjectType>Document</ObjectType>
			</Objects>
			<Objects>
				<ObjectName xsi:type="xs:string">Документ.ПоступлениеИзПереработки</ObjectName>
				<Representation>Поступление из переработки</Representation>
				<Enabled>true</Enabled>
				<ObjectType>Document</ObjectType>
			</Objects>
			<Objects>
				<ObjectName xsi:type="xs:string">Документ.ПоступлениеНаРасчетныйСчет</ObjectName>
				<Representation>Поступление на расчетный счет</Representation>
				<Enabled>true</Enabled>
				<ObjectType>Document</ObjectType>
			</Objects>
			<Objects>
				<ObjectName xsi:type="xs:string">Документ.ПоступлениеНМА</ObjectName>
				<Representation>Поступление НМА</Representation>
				<Enabled>true</Enabled>
				<ObjectType>Document</ObjectType>
			</Objects>
			<Objects>
				<ObjectName xsi:type="xs:string">Документ.ПоступлениеТоваровУслуг</ObjectName>
				<Representation>Поступление (акты, накладные, УПД)</Representation>
				<Enabled>true</Enabled>
				<ObjectType>Document</ObjectType>
			</Objects>
			<Objects>
				<ObjectName xsi:type="xs:string">Документ.ПрекращениеАренды</ObjectName>
				<Representation>Прекращение аренды (лизинга)</Representation>
				<Enabled>true</Enabled>
				<ObjectType>Document</ObjectType>
			</Objects>
			<Objects>
				<ObjectName xsi:type="xs:string">Документ.ПринятиеКУчетуНМА</ObjectName>
				<Representation>Принятие к учету НМА</Representation>
				<Enabled>true</Enabled>
				<ObjectType>Document</ObjectType>
			</Objects>
			<Objects>
				<ObjectName xsi:type="xs:string">Документ.ПринятиеКУчетуОС</ObjectName>
				<Representation>Принятие к учету ОС</Representation>
				<Enabled>true</Enabled>
				<ObjectType>Document</ObjectType>
			</Objects>
			<Objects>
				<ObjectName xsi:type="xs:string">Документ.ПриходныйКассовыйОрдер</ObjectName>
				<Representation>Поступление наличных</Representation>
				<Enabled>true</Enabled>
				<ObjectType>Document</ObjectType>
			</Objects>
			<Objects>
				<ObjectName xsi:type="xs:string">Документ.ПроизводственнаяОперацияВЕТИС</ObjectName>
				<Representation>Производственная операция ВетИС</Representation>
				<Enabled>true</Enabled>
				<ObjectType>Document</ObjectType>
			</Objects>
			<Objects>
				<ObjectName xsi:type="xs:string">Документ.ПутевойЛист</ObjectName>
				<Representation>Путевой лист</Representation>
				<Enabled>true</Enabled>
				<ObjectType>Document</ObjectType>
			</Objects>
			<Objects>
				<ObjectName xsi:type="xs:string">Документ.РаспределениеНДС</ObjectName>
				<Representation>Распределение НДС</Representation>
				<Enabled>true</Enabled>
				<ObjectType>Document</ObjectType>
			</Objects>
			<Objects>
				<ObjectName xsi:type="xs:string">Документ.РасходныйКассовыйОрдер</ObjectName>
				<Representation>Выдача наличных</Representation>
				<Enabled>true</Enabled>
				<ObjectType>Document</ObjectType>
			</Objects>
			<Objects>
				<ObjectName xsi:type="xs:string">Документ.РасходыПредпринимателя</ObjectName>
				<Representation>Расходы предпринимателя</Representation>
				<Enabled>true</Enabled>
				<ObjectType>Document</ObjectType>
			</Objects>
			<Objects>
				<ObjectName xsi:type="xs:string">Документ.РеализацияОтгруженныхТоваров</ObjectName>
				<Representation>Реализация отгруженных товаров</Representation>
				<Enabled>true</Enabled>
				<ObjectType>Document</ObjectType>
			</Objects>
			<Objects>
				<ObjectName xsi:type="xs:string">Документ.РеализацияТоваровУслуг</ObjectName>
				<Representation>Реализация (акты, накладные, УПД)</Representation>
				<Enabled>true</Enabled>
				<ObjectType>Document</ObjectType>
			</Objects>
			<Objects>
				<ObjectName xsi:type="xs:string">Документ.РеализацияУслугПоПереработке</ObjectName>
				<Representation>Реализация услуг по переработке</Representation>
				<Enabled>true</Enabled>
				<ObjectType>Document</ObjectType>
			</Objects>
			<Objects>
				<ObjectName xsi:type="xs:string">Документ.РегистрацияОплатыОсновныхСредствДляИП</ObjectName>
				<Representation>Регистрация оплаты ОС и НМА ИП</Representation>
				<Enabled>true</Enabled>
				<ObjectType>Document</ObjectType>
			</Objects>
			<Objects>
				<ObjectName xsi:type="xs:string">Документ.РегистрацияОплатыОсновныхСредствДляУСН</ObjectName>
				<Representation>Регистрация оплаты ОС и НМА УСН</Representation>
				<Enabled>true</Enabled>
				<ObjectType>Document</ObjectType>
			</Objects>
			<Objects>
				<ObjectName xsi:type="xs:string">Документ.РегистрацияСуммыУбыткаУСН</ObjectName>
				<Representation>Регистрация суммы убытка УСН</Representation>
				<Enabled>true</Enabled>
				<ObjectType>Document</ObjectType>
			</Objects>
			<Objects>
				<ObjectName xsi:type="xs:string">Документ.РозничнаяПродажа</ObjectName>
				<Representation>Розничная продажа (чек)</Representation>
				<Enabled>true</Enabled>
				<ObjectType>Document</ObjectType>
			</Objects>
			<Objects>
				<ObjectName xsi:type="xs:string">Документ.СведенияОбУдержанномНДФЛ</ObjectName>
				<Representation>Сведения об удержанном НДФЛ</Representation>
				<Enabled>true</Enabled>
				<ObjectType>Document</ObjectType>
			</Objects>
			<Objects>
				<ObjectName xsi:type="xs:string">Документ.СписаниеМатериаловИзЭксплуатации</ObjectName>
				<Representation>Списание материалов из эксплуатации</Representation>
				<Enabled>true</Enabled>
				<ObjectType>Document</ObjectType>
			</Objects>
			<Objects>
				<ObjectName xsi:type="xs:string">Документ.СписаниеНДС</ObjectName>
				<Representation>Списание НДС</Representation>
				<Enabled>true</Enabled>
				<ObjectType>Document</ObjectType>
			</Objects>
			<Objects>
				<ObjectName xsi:type="xs:string">Документ.СписаниеНМА</ObjectName>
				<Representation>Списание НМА</Representation>
				<Enabled>true</Enabled>
				<ObjectType>Document</ObjectType>
			</Objects>
			<Objects>
				<ObjectName xsi:type="xs:string">Документ.СписаниеОС</ObjectName>
				<Representation>Списание ОС</Representation>
				<Enabled>true</Enabled>
				<ObjectType>Document</ObjectType>
			</Objects>
			<Objects>
				<ObjectName xsi:type="xs:string">Документ.ОбесценениеОС</ObjectName>
				<Representation>Обесценение ОС</Representation>
				<Enabled>true</Enabled>
				<ObjectType>Document</ObjectType>
			</Objects>
			<Objects>
				<ObjectName xsi:type="xs:string">Документ.СписаниеСРасчетногоСчета</ObjectName>
				<Representation>Списание с расчетного счета</Representation>
				<Enabled>true</Enabled>
				<ObjectType>Document</ObjectType>
			</Objects>
			<Objects>
				<ObjectName xsi:type="xs:string">Документ.СписаниеТоваров</ObjectName>
				<Representation>Списание товаров, материалов</Representation>
				<Enabled>true</Enabled>
				<ObjectType>Document</ObjectType>
			</Objects>
			<Objects>
				<ObjectName xsi:type="xs:string">Документ.СтатистикаПерсонала</ObjectName>
				<Representation>Статистика персонала</Representation>
				<Enabled>true</Enabled>
				<ObjectType>Document</ObjectType>
			</Objects>
			<Objects>
				<ObjectName xsi:type="xs:string">Документ.СчетНаОплатуПокупателю</ObjectName>
				<Representation>Счет покупателю</Representation>
				<Enabled>true</Enabled>
				<ObjectType>Document</ObjectType>
			</Objects>
			<Objects>
				<ObjectName xsi:type="xs:string">Документ.СчетНаОплатуПоставщика</ObjectName>
				<Representation>Счет от поставщика</Representation>
				<Enabled>true</Enabled>
				<ObjectType>Document</ObjectType>
			</Objects>
			<Objects>
				<ObjectName xsi:type="xs:string">Документ.СчетФактураВыданный</ObjectName>
				<Representation>Счет-фактура выданный</Representation>
				<Enabled>true</Enabled>
				<ObjectType>Document</ObjectType>
			</Objects>
			<Objects>
				<ObjectName xsi:type="xs:string">Документ.СчетФактураПолученный</ObjectName>
				<Representation>Счет-фактура полученный</Representation>
				<Enabled>true</Enabled>
				<ObjectType>Document</ObjectType>
			</Objects>
			<Objects>
				<ObjectName xsi:type="xs:string">Документ.ТребованиеНакладная</ObjectName>
				<Representation>Расход материалов</Representation>
				<Enabled>true</Enabled>
				<ObjectType>Document</ObjectType>
			</Objects>
			<Objects>
				<ObjectName xsi:type="xs:string">Документ.УведомлениеОбИсчисленныхСуммахНалогов</ObjectName>
				<Representation>Уведомление об исчисленных суммах налогов</Representation>
				<Enabled>true</Enabled>
				<ObjectType>Document</ObjectType>
			</Objects>
			<Objects>
				<ObjectName xsi:type="xs:string">Документ.УведомлениеОбУменьшенииНалогаПоПатенту</ObjectName>
				<Representation>Уведомление об уменьшении налога по патенту</Representation>
				<Enabled>true</Enabled>
				<ObjectType>Document</ObjectType>
			</Objects>
			<Objects>
				<ObjectName xsi:type="xs:string">Документ.УстановкаПорядкаЗакрытияПодразделений</ObjectName>
				<Representation>Порядок подразделений для закрытия счетов</Representation>
				<Enabled>true</Enabled>
				<ObjectType>Document</ObjectType>
			</Objects>
			<Objects>
				<ObjectName xsi:type="xs:string">Документ.УстановкаЦенНоменклатуры</ObjectName>
				<Representation>Установка цен номенклатуры</Representation>
				<Enabled>true</Enabled>
				<ObjectType>Document</ObjectType>
			</Objects>
			<Objects>
				<ObjectName xsi:type="xs:string">Документ.ФормированиеЗаписейКнигиПокупок</ObjectName>
				<Representation>Формирование записей книги покупок</Representation>
				<Enabled>true</Enabled>
				<ObjectType>Document</ObjectType>
			</Objects>
			<Objects>
				<ObjectName xsi:type="xs:string">Документ.ФормированиеЗаписейКнигиПродаж</ObjectName>
				<Representation>Формирование записей книги продаж</Representation>
				<Enabled>true</Enabled>
				<ObjectType>Document</ObjectType>
			</Objects>
			<Objects>
				<ObjectName xsi:type="xs:string">Документ.ФормированиеУставногоКапитала</ObjectName>
				<Representation>Формирование уставного капитала</Representation>
				<Enabled>true</Enabled>
				<ObjectType>Document</ObjectType>
			</Objects>
			<Objects>
				<ObjectName xsi:type="xs:string">Документ.ФормированиеЗаписейРаздела7ДекларацииНДС</ObjectName>
				<Representation>Формирование записей раздела 7 декларации по НДС</Representation>
				<Enabled>true</Enabled>
				<ObjectType>Document</ObjectType>
			</Objects>
			<Objects>
				<ObjectName xsi:type="xs:string">Документ.ПередачаЗадолженностиНаФакторинг</ObjectName>
				<Representation>Передача задолженности на факторинг</Representation>
				<Enabled>true</Enabled>
				<ObjectType>Document</ObjectType>
			</Objects>
			<Objects>
				<ObjectName xsi:type="xs:string">Документ.НачислениеДивидендов</ObjectName>
				<Representation>Начисление дивидендов</Representation>
				<Enabled>true</Enabled>
				<ObjectType>Document</ObjectType>
			</Objects>
			<Objects>
				<ObjectName xsi:type="xs:string">ЖурналДокументов.Деньги</ObjectName>
				<Representation>Деньги</Representation>
				<Enabled>false</Enabled>
			</Objects>
			<Objects>
				<ObjectName xsi:type="xs:string">ЖурналДокументов.ДенежныеДокументы</ObjectName>
				<Representation>Денежные документы</Representation>
				<Enabled>false</Enabled>
			</Objects>
			<Objects>
				<ObjectName xsi:type="xs:string">ЖурналДокументов.ДокументыПоНМА</ObjectName>
				<Representation>Документы по НМА</Representation>
				<Enabled>false</Enabled>
			</Objects>
			<Objects>
				<ObjectName xsi:type="xs:string">ЖурналДокументов.ДокументыПоОС</ObjectName>
				<Representation>Документы по ОС</Representation>
				<Enabled>false</Enabled>
			</Objects>
			<Objects>
				<ObjectName xsi:type="xs:string">ЖурналДокументов.Документы</ObjectName>
				<Representation>Документы</Representation>
				<Enabled>false</Enabled>
			</Objects>
			<Objects>
				<ObjectName xsi:type="xs:string">ЖурналДокументов.ЖурналОпераций</ObjectName>
				<Representation>Журнал операций</Representation>
				<Enabled>false</Enabled>
			</Objects>
			<Objects>
				<ObjectName xsi:type="xs:string">ЖурналДокументов.ПроизводственныеДокументы</ObjectName>
				<Representation>Производственные документы</Representation>
				<Enabled>false</Enabled>
			</Objects>
			<Objects>
				<ObjectName xsi:type="xs:string">ЖурналДокументов.СкладскиеДокументы</ObjectName>
				<Representation>Документы по складу</Representation>
				<Enabled>false</Enabled>
			</Objects>
			<Objects>
				<ObjectName xsi:type="xs:string">ЖурналДокументов.ВыплатаЗарплаты</ObjectName>
				<Representation>Все выплаты</Representation>
				<Enabled>false</Enabled>
			</Objects>
			<Objects>
				<ObjectName xsi:type="xs:string">ПланСчетов.Хозрасчетный</ObjectName>
				<Representation>План счетов бухгалтерского учета</Representation>
				<Enabled>false</Enabled>
			</Objects>
			<Objects>
				<ObjectName xsi:type="xs:string">Документ.ВедомостьНаВыплатуЗарплатыВБанк</ObjectName>
				<Representation>Ведомость в банк</Representation>
				<Enabled>true</Enabled>
				<ObjectType>Document</ObjectType>
			</Objects>
			<Objects>
				<ObjectName xsi:type="xs:string">Документ.ВедомостьНаВыплатуЗарплатыВКассу</ObjectName>
				<Representation>Ведомость в кассу</Representation>
				<Enabled>true</Enabled>
				<ObjectType>Document</ObjectType>
			</Objects>
			<Objects>
				<ObjectName xsi:type="xs:string">Документ.ЗаявкаНаЗакрытиеЛицевыхСчетовСотрудников</ObjectName>
				<Representation>Заявка на закрытие лицевых счетов</Representation>
				<Enabled>true</Enabled>
				<ObjectType>Document</ObjectType>
			</Objects>
			<Objects>
				<ObjectName xsi:type="xs:string">Документ.ЗаявкаНаОткрытиеЛицевыхСчетовСотрудников</ObjectName>
				<Representation>Заявка на открытие лицевых счетов</Representation>
				<Enabled>true</Enabled>
				<ObjectType>Document</ObjectType>
			</Objects>
			<Objects>
				<ObjectName xsi:type="xs:string">Документ.ПодтверждениеЗачисленияЗарплаты</ObjectName>
				<Representation>Подтверждение зачисления зарплаты</Representation>
				<Enabled>true</Enabled>
				<ObjectType>Document</ObjectType>
			</Objects>
			<Objects>
				<ObjectName xsi:type="xs:string">Документ.ПодтверждениеОткрытияЛицевыхСчетовСотрудников</ObjectName>
				<Representation>Подтверждение открытия счетов</Representation>
				<Enabled>true</Enabled>
				<ObjectType>Document</ObjectType>
			</Objects>
			<Objects>
				<ObjectName xsi:type="xs:string">Документ.ВедомостьУплатыАДВ_11</ObjectName>
				<Representation>Ведомость уплаты взносов АДВ-11</Representation>
				<Enabled>true</Enabled>
				<ObjectType>Document</ObjectType>
			</Objects>
			<Objects>
				<ObjectName xsi:type="xs:string">Документ.ДанныеОКорректировкеСведенийЗастрахованныхЛицСЗВ_КОРР</ObjectName>
				<Representation>Данные о корректировке сведений застрахованных лиц, СЗВ-КОРР</Representation>
				<Enabled>true</Enabled>
				<ObjectType>Document</ObjectType>
			</Objects>
			<Objects>
				<ObjectName xsi:type="xs:string">Документ.ОписьОДВ_1</ObjectName>
				<Representation>Опись ОДВ-1</Representation>
				<Enabled>true</Enabled>
				<ObjectType>Document</ObjectType>
			</Objects>
			<Objects>
				<ObjectName xsi:type="xs:string">Документ.ОписьПачекСЗВ_6</ObjectName>
				<Representation>Опись пачек СЗВ-6</Representation>
				<Enabled>true</Enabled>
				<ObjectType>Document</ObjectType>
			</Objects>
			<Objects>
				<ObjectName xsi:type="xs:string">Документ.ПачкаДокументовАДВ_1</ObjectName>
				<Representation>Пачка документов АДВ-1</Representation>
				<Enabled>true</Enabled>
				<ObjectType>Document</ObjectType>
			</Objects>
			<Objects>
				<ObjectName xsi:type="xs:string">Документ.ПачкаДокументовАДВ_2</ObjectName>
				<Representation>Пачка документов АДВ-2</Representation>
				<Enabled>true</Enabled>
				<ObjectType>Document</ObjectType>
			</Objects>
			<Objects>
				<ObjectName xsi:type="xs:string">Документ.ПачкаДокументовАДВ_3</ObjectName>
				<Representation>Пачка документов АДВ-3</Representation>
				<Enabled>true</Enabled>
				<ObjectType>Document</ObjectType>
			</Objects>
			<Objects>
				<ObjectName xsi:type="xs:string">Документ.ПачкаДокументовДСВ_1</ObjectName>
				<Representation>Пачка документов ДСВ-1</Representation>
				<Enabled>true</Enabled>
				<ObjectType>Document</ObjectType>
			</Objects>
			<Objects>
				<ObjectName xsi:type="xs:string">Документ.ПачкаДокументовСЗВ_6_1</ObjectName>
				<Representation>Пачка документов СЗВ-6-1</Representation>
				<Enabled>true</Enabled>
				<ObjectType>Document</ObjectType>
			</Objects>
			<Objects>
				<ObjectName xsi:type="xs:string">Документ.ПачкаДокументовСЗВ_6_3</ObjectName>
				<Representation>Пачка документов СЗВ-6-3</Representation>
				<Enabled>true</Enabled>
				<ObjectType>Document</ObjectType>
			</Objects>
			<Objects>
				<ObjectName xsi:type="xs:string">Документ.ПачкаДокументовСЗВ_6_4</ObjectName>
				<Representation>Пачка документов СЗВ-6-4</Representation>
				<Enabled>true</Enabled>
				<ObjectType>Document</ObjectType>
			</Objects>
			<Objects>
				<ObjectName xsi:type="xs:string">Документ.ПачкаДокументовСЗВ_К</ObjectName>
				<Representation>Пачка документов СЗВ К</Representation>
				<Enabled>true</Enabled>
				<ObjectType>Document</ObjectType>
			</Objects>
			<Objects>
				<ObjectName xsi:type="xs:string">Документ.ПачкаДокументовСПВ_1</ObjectName>
				<Representation>Пачка документов СПВ-1</Representation>
				<Enabled>true</Enabled>
				<ObjectType>Document</ObjectType>
			</Objects>
			<Objects>
				<ObjectName xsi:type="xs:string">Документ.ПачкаДокументовСПВ_2</ObjectName>
				<Representation>Пачка документов СПВ-2</Representation>
				<Enabled>true</Enabled>
				<ObjectType>Document</ObjectType>
			</Objects>
			<Objects>
				<ObjectName xsi:type="xs:string">Документ.СведенияДляИсчисленияДоплатыКПенсииСЗВ_ДСО</ObjectName>
				<Representation>Сведения для исчисления доплаты к пенсии, СЗВ-ДСО</Representation>
				<Enabled>true</Enabled>
				<ObjectType>Document</ObjectType>
			</Objects>
			<Objects>
				<ObjectName xsi:type="xs:string">Документ.СведенияОЗаработкеСтажеЗастрахованныхЛицСЗВ_ИСХ</ObjectName>
				<Representation>Сведения о заработке и стаже застрахованных лиц, СЗВ-ИСХ</Representation>
				<Enabled>true</Enabled>
				<ObjectType>Document</ObjectType>
			</Objects>
			<Objects>
				<ObjectName xsi:type="xs:string">Документ.СведенияОЗастрахованныхЛицахСЗВ_М</ObjectName>
				<Representation>Сведения о застрахованных лицах, СЗВ-М</Representation>
				<Enabled>true</Enabled>
				<ObjectType>Document</ObjectType>
			</Objects>
			<Objects>
				<ObjectName xsi:type="xs:string">Документ.СведенияОСтраховомСтажеЗастрахованныхЛицСЗВ_СТАЖ</ObjectName>
				<Representation>Сведения о страховом стаже застрахованных лиц, СЗВ-СТАЖ</Representation>
				<Enabled>true</Enabled>
				<ObjectType>Document</ObjectType>
			</Objects>
			<Objects>
				<ObjectName xsi:type="xs:string">Документ.СведенияОТрудовойДеятельностиРаботниковСЗВ_ТД</ObjectName>
				<Representation>Сведения о трудовой деятельности работников, СЗВ-ТД</Representation>
				<Enabled>true</Enabled>
				<ObjectType>Document</ObjectType>
			</Objects>
			<Objects>
				<ObjectName xsi:type="xs:string">Документ.ПачкаРазделов6РасчетаРСВ_1</ObjectName>
				<Representation>Пачка разделов 6 РСВ-1</Representation>
				<Enabled>true</Enabled>
				<ObjectType>Document</ObjectType>
			</Objects>
			<Objects>
				<ObjectName xsi:type="xs:string">Документ.РеестрДСВ_3</ObjectName>
				<Representation>Реестр ДСВ-3</Representation>
				<Enabled>true</Enabled>
				<ObjectType>Document</ObjectType>
			</Objects>
			<Objects>
				<ObjectName xsi:type="xs:string">Документ.РеестрСЗВ_6_2</ObjectName>
				<Representation>Реестр СЗВ-6-2</Representation>
				<Enabled>true</Enabled>
				<ObjectType>Document</ObjectType>
			</Objects>
			<Objects>
				<ObjectName xsi:type="xs:string">Справочник.Должности</ObjectName>
				<Representation>Должности</Representation>
				<Enabled>true</Enabled>
				<ObjectType>Catalog</ObjectType>
			</Objects>
			<Objects>
				<ObjectName xsi:type="xs:string">Справочник.Сотрудники</ObjectName>
				<Representation>Сотрудники</Representation>
				<Enabled>true</Enabled>
				<ObjectType>Catalog</ObjectType>
			</Objects>
			<Objects>
				<ObjectName xsi:type="xs:string">Документ.ПерерасчетСтраховыхВзносов</ObjectName>
				<Representation>Перерасчет страховых взносов</Representation>
				<Enabled>true</Enabled>
				<ObjectType>Document</ObjectType>
			</Objects>
			<Objects>
				<ObjectName xsi:type="xs:string">Документ.АвансовыйПлатежИностранцаПоНДФЛ</ObjectName>
				<Representation>Авансовый платеж по НДФЛ</Representation>
				<Enabled>true</Enabled>
				<ObjectType>Document</ObjectType>
			</Objects>
			<Objects>
				<ObjectName xsi:type="xs:string">Документ.ОперацияНалоговогоУчетаПоНДФЛ</ObjectName>
				<Representation>Операция учета НДФЛ</Representation>
				<Enabled>true</Enabled>
				<ObjectType>Document</ObjectType>
			</Objects>
			<Objects>
				<ObjectName xsi:type="xs:string">Документ.ВозвратНДФЛ</ObjectName>
				<Representation>Возврат НДФЛ</Representation>
				<Enabled>true</Enabled>
				<ObjectType>Document</ObjectType>
			</Objects>
			<Objects>
				<ObjectName xsi:type="xs:string">Документ.ЗаявлениеНаПредоставлениеСтандартныхВычетовПоНДФЛ</ObjectName>
				<Representation>Заявление на вычеты по НДФЛ</Representation>
				<Enabled>true</Enabled>
				<ObjectType>Document</ObjectType>
			</Objects>
			<Objects>
				<ObjectName xsi:type="xs:string">Документ.ПерерасчетНДФЛ</ObjectName>
				<Representation>Перерасчет НДФЛ</Representation>
				<Enabled>true</Enabled>
				<ObjectType>Document</ObjectType>
			</Objects>
			<Objects>
				<ObjectName xsi:type="xs:string">Документ.ПрекращениеСтандартныхВычетовНДФЛ</ObjectName>
				<Representation>Прекращение стандартных вычетов НДФЛ</Representation>
				<Enabled>true</Enabled>
				<ObjectType>Document</ObjectType>
			</Objects>
			<Objects>
				<ObjectName xsi:type="xs:string">Документ.СправкаНДФЛ</ObjectName>
				<Representation>2-НДФЛ для сотрудников</Representation>
				<Enabled>true</Enabled>
				<ObjectType>Document</ObjectType>
			</Objects>
			<Objects>
				<ObjectName xsi:type="xs:string">Документ.СправкиНДФЛДляПередачиВНалоговыйОрган</ObjectName>
				<Representation>2-НДФЛ для передачи в ИФНС</Representation>
				<Enabled>true</Enabled>
				<ObjectType>Document</ObjectType>
			</Objects>
			<Objects>
				<ObjectName xsi:type="xs:string">Документ.ЗаявлениеОПодтвержденииПраваНаЗачетАвансовПоНДФЛ</ObjectName>
				<Representation>Заявление о подтверждении права на зачет авансов по НДФЛ</Representation>
				<Enabled>true</Enabled>
				<ObjectType>Document</ObjectType>
			</Objects>
			<Objects>
				<ObjectName xsi:type="xs:string">Документ.УведомлениеОПравеНаИмущественныйВычетДляНДФЛ</ObjectName>
				<Representation>Уведомление налогового органа о праве на вычеты</Representation>
				<Enabled>true</Enabled>
				<ObjectType>Document</ObjectType>
			</Objects>
			<Objects>
				<ObjectName xsi:type="xs:string">Документ.ОперацияУчетаПоСтраховымВзносам</ObjectName>
				<Representation>Операция учета взносов</Representation>
				<Enabled>true</Enabled>
				<ObjectType>Document</ObjectType>
			</Objects>
			<Objects>
				<ObjectName xsi:type="xs:string">Справочник.ФизическиеЛица</ObjectName>
				<Representation>Физические лица</Representation>
				<Enabled>true</Enabled>
				<ObjectType>Catalog</ObjectType>
			</Objects>
			<Objects>
				<ObjectName xsi:type="xs:string">Документ.ПриемНаРаботу</ObjectName>
				<Representation>Прием на работу</Representation>
				<Enabled>true</Enabled>
				<ObjectType>Document</ObjectType>
			</Objects>
			<Objects>
				<ObjectName xsi:type="xs:string">Документ.КадровыйПеревод</ObjectName>
				<Representation>Кадровый перевод</Representation>
				<Enabled>true</Enabled>
				<ObjectType>Document</ObjectType>
			</Objects>
			<Objects>
				<ObjectName xsi:type="xs:string">Документ.Увольнение</ObjectName>
				<Representation>Увольнение</Representation>
				<Enabled>true</Enabled>
				<ObjectType>Document</ObjectType>
			</Objects>
			<Objects>
				<ObjectName xsi:type="xs:string">Документ.БольничныйЛист</ObjectName>
				<Representation>Больничный лист</Representation>
				<Enabled>true</Enabled>
				<ObjectType>Document</ObjectType>
			</Objects>
			<Objects>
				<ObjectName xsi:type="xs:string">Документ.НачислениеЗарплаты</ObjectName>
				<Representation>Начисление зарплаты</Representation>
				<Enabled>true</Enabled>
				<ObjectType>Document</ObjectType>
			</Objects>
			<Objects>
				<ObjectName xsi:type="xs:string">Документ.Отпуск</ObjectName>
				<Representation>Отпуск</Representation>
				<Enabled>true</Enabled>
				<ObjectType>Document</ObjectType>
			</Objects>
			<Objects>
				<ObjectName xsi:type="xs:string">Документ.ИсходящаяСправкаОЗаработкеДляРасчетаПособий</ObjectName>
				<Representation>Исходящая справка для расчета пособий</Representation>
				<Enabled>true</Enabled>
				<ObjectType>Document</ObjectType>
			</Objects>
			<Objects>
				<ObjectName xsi:type="xs:string">Документ.РеестрДанныхЭЛНЗаполняемыхРаботодателем</ObjectName>
				<Representation>Реестр ЭЛН для отправки в ФСС</Representation>
				<Enabled>true</Enabled>
				<ObjectType>Document</ObjectType>
			</Objects>
			<Objects>
				<ObjectName xsi:type="xs:string">Документ.ВозмещениеБольничныхВЧастиФБ</ObjectName>
				<Representation>Заявление в ФСС о возмещении больничных в части федерального бюджета</Representation>
				<Enabled>true</Enabled>
				<ObjectType>Document</ObjectType>
			</Objects>
			<Objects>
				<ObjectName xsi:type="xs:string">Документ.ЗаявлениеВФССОВозмещенииВыплатРодителямДетейИнвалидов</ObjectName>
				<Representation>Заявление в ФСС о возмещении выплат родителям детей-инвалидов</Representation>
				<Enabled>true</Enabled>
				<ObjectType>Document</ObjectType>
			</Objects>
			<Objects>
				<ObjectName xsi:type="xs:string">Документ.ЗаявлениеВФССОВозмещенииРасходовНаПогребение</ObjectName>
				<Representation>Заявление в ФСС о возмещении расходов на погребение</Representation>
				<Enabled>true</Enabled>
				<ObjectType>Document</ObjectType>
			</Objects>
			<Objects>
				<ObjectName xsi:type="xs:string">Документ.ЗаявлениеСотрудникаНаВыплатуПособия</ObjectName>
				<Representation>Сведения для реестра прямых выплат ФСС</Representation>
				<Enabled>true</Enabled>
				<ObjectType>Document</ObjectType>
			</Objects>
			<Objects>
				<ObjectName xsi:type="xs:string">Документ.ОписьЗаявленийСотрудниковНаВыплатуПособий</ObjectName>
				<Representation>Опись заявлений сотрудников на выплату пособий</Representation>
				<Enabled>true</Enabled>
				<ObjectType>Document</ObjectType>
			</Objects>
			<Objects>
				<ObjectName xsi:type="xs:string">Документ.РеестрСведенийНеобходимыхДляНазначенияИВыплатыПособий</ObjectName>
				<Representation>Реестр прямых выплат ФСС</Representation>
				<Enabled>true</Enabled>
				<ObjectType>Document</ObjectType>
			</Objects>
			<Objects>
				<ObjectName xsi:type="xs:string">Документ.УведомлениеОПрекращенииОтпускаПоУходуЗаРебенком</ObjectName>
				<Representation>Уведомление о прекращении отпуска по уходу за ребенком</Representation>
				<Enabled>true</Enabled>
				<ObjectType>Document</ObjectType>
			</Objects>
			<Objects>
				<ObjectName xsi:type="xs:string">Документ.ВходящийЗапросФССДляРасчетаПособия</ObjectName>
				<Representation>Входящий запрос СФР для расчета пособия</Representation>
				<Enabled>true</Enabled>
				<ObjectType>Document</ObjectType>
			</Objects>
			<Objects>
				<ObjectName xsi:type="xs:string">Документ.ЗапросСреднегоЗаработкаСЭДО</ObjectName>
				<Representation>Запрос данных СФР о среднем заработке</Representation>
				<Enabled>true</Enabled>
				<ObjectType>Document</ObjectType>
			</Objects>
			<Objects>
				<ObjectName xsi:type="xs:string">Документ.ИзвещениеФСС</ObjectName>
				<Representation>Извещение СЭДО СФР</Representation>
				<Enabled>true</Enabled>
				<ObjectType>Document</ObjectType>
			</Objects>
			<Objects>
				<ObjectName xsi:type="xs:string">Документ.ИсходящееСообщениеОСтраховомСлучаеФСС</ObjectName>
				<Representation>Исходящее сообщение о страховом случае СФР</Representation>
				<Enabled>true</Enabled>
				<ObjectType>Document</ObjectType>
			</Objects>
			<Objects>
				<ObjectName xsi:type="xs:string">Документ.НесоответствиеСведенийОЗастрахованномЛицеСЭДО</ObjectName>
				<Representation>Несоответствие сведений о застрахованном лице (СЭДО СФР)</Representation>
				<Enabled>true</Enabled>
				<ObjectType>Document</ObjectType>
			</Objects>
			<Objects>
				<ObjectName xsi:type="xs:string">Документ.ОтветНаЗапросФССДляРасчетаПособия</ObjectName>
				<Representation>Ответ на запрос СФР для расчета пособия</Representation>
				<Enabled>true</Enabled>
				<ObjectType>Document</ObjectType>
			</Objects>
			<Objects>
				<ObjectName xsi:type="xs:string">Документ.РегистрацияСведенийОЗастрахованномЛицеФСС</ObjectName>
				<Representation>Регистрация сведений о застрахованном лице (СЭДО СФР)</Representation>
				<Enabled>true</Enabled>
				<ObjectType>Document</ObjectType>
			</Objects>
			<Objects>
				<ObjectName xsi:type="xs:string">Документ.СведенияОЗастрахованномЛицеФСС</ObjectName>
				<Representation>Сведения о застрахованном лице (СЭДО)</Representation>
				<Enabled>true</Enabled>
				<ObjectType>Document</ObjectType>
			</Objects>
			<Objects>
				<ObjectName xsi:type="xs:string">Документ.СреднийЗаработокСЭДО</ObjectName>
				<Representation>Средний заработок по данным СФР (СЭДО)</Representation>
				<Enabled>true</Enabled>
				<ObjectType>Document</ObjectType>
			</Objects>
			<Objects>
				<ObjectName xsi:type="xs:string">Документ.ЗаявленияОПредоставленииСведенийОТрудовойДеятельности</ObjectName>
				<Representation>Заявления о предоставлении сведений о трудовой деятельности</Representation>
				<Enabled>true</Enabled>
				<ObjectType>Document</ObjectType>
			</Objects>
			<Objects>
				<ObjectName xsi:type="xs:string">Документ.ОтзывЗаявленийОПредоставленииСведенийОТрудовойДеятельности</ObjectName>
				<Representation>Отзыв заявлений о предоставлении сведений о трудовой деятельности</Representation>
				<Enabled>true</Enabled>
				<ObjectType>Document</ObjectType>
			</Objects>
			<Objects>
				<ObjectName xsi:type="xs:string">Документ.РегистрацияТрудовойДеятельности</ObjectName>
				<Representation>Регистрация трудовой деятельности</Representation>
				<Enabled>true</Enabled>
				<ObjectType>Document</ObjectType>
			</Objects>
			<Objects>
				<ObjectName xsi:type="xs:string">Документ.СведенияОТрудовойДеятельностиРаботникаСТД_Р</ObjectName>
				<Representation>Сведения о трудовой деятельности работника, СТД-Р</Representation>
				<Enabled>true</Enabled>
				<ObjectType>Document</ObjectType>
			</Objects>
			<Objects>
				<ObjectName xsi:type="xs:string">Документ.ДокументКадровогоЭДО</ObjectName>
				<Representation>Документ кадрового ЭДО</Representation>
				<Enabled>true</Enabled>
				<ObjectType>Document</ObjectType>
			</Objects>
			<Objects>
				<ObjectName xsi:type="xs:string">Документ.СогласиеНаПрисоединениеККЭДО</ObjectName>
				<Representation>Согласие на присоединение к КЭДО</Representation>
				<Enabled>true</Enabled>
				<ObjectType>Document</ObjectType>
			</Objects>
			<Objects>
				<ObjectName xsi:type="xs:string">Документ.ВедомостьНаВыплатуЗарплаты</ObjectName>
				<Representation>Ведомость на выплату зарплаты</Representation>
				<Enabled>true</Enabled>
				<ObjectType>Document</ObjectType>
			</Objects>
			<Objects>
				<ObjectName xsi:type="xs:string">Документ.ДепонированиеЗарплаты</ObjectName>
				<Representation>Депонирование зарплаты</Representation>
				<Enabled>true</Enabled>
				<ObjectType>Document</ObjectType>
			</Objects>
			<Objects>
				<ObjectName xsi:type="xs:string">Документ.СписаниеДепонированнойЗарплаты</ObjectName>
				<Representation>Списание депонированной зарплаты</Representation>
				<Enabled>true</Enabled>
				<ObjectType>Document</ObjectType>
			</Objects>
			<Objects>
				<ObjectName xsi:type="xs:string">Документ.ИсполнительныйЛист</ObjectName>
				<Representation>Исполнительный лист</Representation>
				<Enabled>true</Enabled>
				<ObjectType>Document</ObjectType>
			</Objects>
			<Objects>
				<ObjectName xsi:type="xs:string">ЖурналДокументов.НачислениеЗарплаты</ObjectName>
				<Representation>Начисление зарплаты</Representation>
				<Enabled>false</Enabled>
			</Objects>
			<Objects>
				<ObjectName xsi:type="xs:string">Документ.ОтпускБезСохраненияОплаты</ObjectName>
				<Representation>Отпуск без сохранения оплаты</Representation>
				<Enabled>true</Enabled>
				<ObjectType>Document</ObjectType>
			</Objects>
			<Objects>
				<ObjectName xsi:type="xs:string">Документ.НачислениеОценочныхОбязательствПоОтпускам</ObjectName>
				<Representation>Резервы отпусков (архив)</Representation>
				<Enabled>true</Enabled>
				<ObjectType>Document</ObjectType>
			</Objects>
			<Objects>
				<ObjectName xsi:type="xs:string">Документ.РезервыПоОплатеТруда</ObjectName>
				<Representation>Резервы по оплате труда</Representation>
				<Enabled>true</Enabled>
				<ObjectType>Document</ObjectType>
			</Objects>
			<Objects>
				<ObjectName xsi:type="xs:string">Документ.ОтражениеЗарплатыВБухучете</ObjectName>
				<Representation>Отражение зарплаты в бухучете</Representation>
				<Enabled>true</Enabled>
				<ObjectType>Document</ObjectType>
			</Objects>
			<Objects>
				<ObjectName xsi:type="xs:string">Документ.ДоговорРаботыУслуги</ObjectName>
				<Representation>Договор подряда</Representation>
				<Enabled>true</Enabled>
				<ObjectType>Document</ObjectType>
			</Objects>
			<Objects>
				<ObjectName xsi:type="xs:string">Документ.СправкиПоНДФЛДляРасчетаПоНалогуНаПрибыль</ObjectName>
				<Representation>Справки по НДФЛ для Расчета по налогу на прибыль</Representation>
				<Enabled>true</Enabled>
				<ObjectType>Document</ObjectType>
			</Objects>
			<Objects>
				<ObjectName xsi:type="xs:string">Справочник.СоставыВоеннослужащих</ObjectName>
				<Representation>Составы военнослужащих</Representation>
				<Enabled>true</Enabled>
				<ObjectType>Catalog</ObjectType>
			</Objects>
			<Objects>
				<ObjectName xsi:type="xs:string">Документ.БронированиеГражданПребывающихВЗапасе</ObjectName>
				<Representation>Бронирование граждан</Representation>
				<Enabled>true</Enabled>
				<ObjectType>Document</ObjectType>
			</Objects>
			<Objects>
				<ObjectName xsi:type="xs:string">Документ.ЛистокСообщенияДляВоенкомата</ObjectName>
				<Representation>Листок сообщения об изменениях</Representation>
				<Enabled>true</Enabled>
				<ObjectType>Document</ObjectType>
			</Objects>
			<Objects>
				<ObjectName xsi:type="xs:string">Документ.ОтменаБронированияГражданПребывающихВЗапасе</ObjectName>
				<Representation>Отмена бронирования граждан</Representation>
				<Enabled>true</Enabled>
				<ObjectType>Document</ObjectType>
			</Objects>
			<Objects>
				<ObjectName xsi:type="xs:string">Документ.СведенияОПриемеПереводеИУвольненииДляВоенкомата</ObjectName>
				<Representation>Сведения о приеме, переводе и увольнении для военкомата</Representation>
				<Enabled>true</Enabled>
				<ObjectType>Document</ObjectType>
			</Objects>
			<Objects>
				<ObjectName xsi:type="xs:string">Документ.СверкаСВоеннымКомиссариатом</ObjectName>
				<Representation>Сверка с военным комиссариатом</Representation>
				<Enabled>true</Enabled>
				<ObjectType>Document</ObjectType>
			</Objects>
			<Objects>
				<ObjectName xsi:type="xs:string">Документ.СверкаСДокументамиВоинскогоУчета</ObjectName>
				<Representation>Сверка с документами воинского учета</Representation>
				<Enabled>true</Enabled>
				<ObjectType>Document</ObjectType>
			</Objects>
			<Objects>
				<ObjectName xsi:type="xs:string">Документ.ХодатайствоОБронированииГражданПребывающихВЗапасе</ObjectName>
				<Representation>Ходатайство о бронировании</Representation>
				<Enabled>true</Enabled>
				<ObjectType>Document</ObjectType>
			</Objects>
			<Objects>
				<ObjectName xsi:type="xs:string">Документ.УведомлениеОПредоставленииПолномочийПредставителю</ObjectName>
				<Representation>Уведомление о предоставлении полномочий представителю</Representation>
				<Enabled>true</Enabled>
				<ObjectType>Document</ObjectType>
			</Objects>
			<Objects>
				<ObjectName xsi:type="xs:string">Документ.УведомлениеОПрекращенииПолномочийПредставителя</ObjectName>
				<Representation>Уведомление о прекращении полномочий представителя</Representation>
				<Enabled>true</Enabled>
				<ObjectType>Document</ObjectType>
			</Objects>
			<Objects>
				<ObjectName xsi:type="xs:string">Документ.ПисьмоОбменСБанками</ObjectName>
				<Representation>Письмо с банком</Representation>
				<Enabled>true</Enabled>
				<ObjectType>Document</ObjectType>
			</Objects>
			<Objects>
				<ObjectName xsi:type="xs:string">Документ.ЭлектроннаяТранспортнаяНакладная</ObjectName>
				<Representation>Электронная транспортная накладная</Representation>
				<Enabled>true</Enabled>
				<ObjectType>Document</ObjectType>
			</Objects>
			<Objects>
				<ObjectName xsi:type="xs:string">Документ.ЭлектронныйПутевойЛист</ObjectName>
				<Representation>Электронный путевой лист</Representation>
				<Enabled>true</Enabled>
				<ObjectType>Document</ObjectType>
			</Objects>
			<Objects>
				<ObjectName xsi:type="xs:string">Документ.УведомлениеОбОстаткахПрослеживаемыхТоваров</ObjectName>
				<Representation>Уведомление об остатках прослеживаемых товаров</Representation>
				<Enabled>true</Enabled>
				<ObjectType>Document</ObjectType>
			</Objects>
			<Objects>
				<ObjectName xsi:type="xs:string">Документ.УведомлениеОВвозеПрослеживаемыхТоваров</ObjectName>
				<Representation>Уведомление о ввозе прослеживаемых товаров</Representation>
				<Enabled>true</Enabled>
				<ObjectType>Document</ObjectType>
			</Objects>
			<Objects>
				<ObjectName xsi:type="xs:string">Документ.МаркировкаТоваровИСМП</ObjectName>
				<Representation>Маркировка товаров ИС МП</Representation>
				<Enabled>true</Enabled>
				<ObjectType>Document</ObjectType>
			</Objects>
			<Objects>
				<ObjectName xsi:type="xs:string">Документ.ВыводИзОборотаИСМП</ObjectName>
				<Representation>Вывод из оборота ИС МП</Representation>
				<Enabled>true</Enabled>
				<ObjectType>Document</ObjectType>
			</Objects>
			<Objects>
				<ObjectName xsi:type="xs:string">Документ.ЗаказНаЭмиссиюКодовМаркировкиСУЗ</ObjectName>
				<Representation>Заказ на эмиссию кодов маркировки СУЗ ИСМП</Representation>
				<Enabled>true</Enabled>
				<ObjectType>Document</ObjectType>
			</Objects>
			<Objects>
				<ObjectName xsi:type="xs:string">Документ.ПеремаркировкаТоваровИСМП</ObjectName>
				<Representation>Перемаркировка товаров ИС МП</Representation>
				<Enabled>true</Enabled>
				<ObjectType>Document</ObjectType>
			</Objects>
			<Objects>
				<ObjectName xsi:type="xs:string">Документ.СписаниеКодовМаркировкиИСМП</ObjectName>
				<Representation>Списание кодов маркировки ИС МП</Representation>
				<Enabled>true</Enabled>
				<ObjectType>Document</ObjectType>
			</Objects>
			<UseInListsForms>false</UseInListsForms>
			<UseInObjectsForms>true</UseInObjectsForms>
		</Assignment>
		<Commands>
			<Id>ДоговорСчетНаОплатуВнешний</Id>
			<Representation>Договор-Счет на оплату (внешняя печатная форма)</Representation>
			<StartupType>ServerCall</StartupType>
			<ShowNotification>true</ShowNotification>
			<Modifier xsi:type="xs:string">ПечатьMXL</Modifier>
		</Commands>
		<FileName>ДоговорСчетНаОплатуВнешний.epf</FileName>
		<UseReportVariantsStorage>false</UseReportVariantsStorage>
	</ExtensionManifest>
</Info>